,path,class
0,/home/taehwan/OCT/OCT/OCTs1/OCTs1/Figure_5.png,/home/taehwan/OCT/OCT/labels1/labels1/Figure_5.png
1,/home/taehwan/OCT/OCT/OCTs1/OCTs1/Figure_15.png,/home/taehwan/OCT/OCT/labels1/labels1/Figure_15.png
2,/home/taehwan/OCT/OCT/OCTs1/OCTs1/Figure_2.png,/home/taehwan/OCT/OCT/labels1/labels1/Figure_2.png
3,/home/taehwan/OCT/OCT/OCTs1/OCTs1/Figure_59.png,/home/taehwan/OCT/OCT/labels1/labels1/Figure_59.png
4,/home/taehwan/OCT/OCT/OCTs1/OCTs1/Figure_55.png,/home/taehwan/OCT/OCT/labels1/labels1/Figure_55.png
5,/home/taehwan/OCT/OCT/OCTs1/OCTs1/Figure_3.png,/home/taehwan/OCT/OCT/labels1/labels1/Figure_3.png
6,/home/taehwan/OCT/OCT/OCTs1/OCTs1/Figure_33.png,/home/taehwan/OCT/OCT/labels1/labels1/Figure_33.png
7,/home/taehwan/OCT/OCT/OCTs1/OCTs1/Figure_22.png,/home/taehwan/OCT/OCT/labels1/labels1/Figure_22.png
8,/home/taehwan/OCT/OCT/OCTs1/OCTs1/Figure_39.png,/home/taehwan/OCT/OCT/labels1/labels1/Figure_39.png
9,/home/taehwan/OCT/OCT/OCTs1/OCTs1/Figure_60.png,/home/taehwan/OCT/OCT/labels1/labels1/Figure_60.png
10,/home/taehwan/OCT/OCT/OCTs1/OCTs1/Figure_10.png,/home/taehwan/OCT/OCT/labels1/labels1/Figure_10.png
11,/home/taehwan/OCT/OCT/OCTs1/OCTs1/Figure_54.png,/home/taehwan/OCT/OCT/labels1/labels1/Figure_54.png
12,/home/taehwan/OCT/OCT/OCTs1/OCTs1/Figure_37.png,/home/taehwan/OCT/OCT/labels1/labels1/Figure_37.png
13,/home/taehwan/OCT/OCT/OCTs1/OCTs1/Figure_19.png,/home/taehwan/OCT/OCT/labels1/labels1/Figure_19.png
14,/home/taehwan/OCT/OCT/OCTs1/OCTs1/Figure_24.png,/home/taehwan/OCT/OCT/labels1/labels1/Figure_24.png
15,/home/taehwan/OCT/OCT/OCTs1/OCTs1/Figure_32.png,/home/taehwan/OCT/OCT/labels1/labels1/Figure_32.png
16,/home/taehwan/OCT/OCT/OCTs1/OCTs1/Figure_50.png,/home/taehwan/OCT/OCT/labels1/labels1/Figure_50.png
17,/home/taehwan/OCT/OCT/OCTs1/OCTs1/Figure_56.png,/home/taehwan/OCT/OCT/labels1/labels1/Figure_56.png
18,/home/taehwan/OCT/OCT/OCTs1/OCTs1/Figure_8.png,/home/taehwan/OCT/OCT/labels1/labels1/Figure_8.png
19,/home/taehwan/OCT/OCT/OCTs1/OCTs1/Figure_34.png,/home/taehwan/OCT/OCT/labels1/labels1/Figure_34.png
20,/home/taehwan/OCT/OCT/OCTs1/OCTs1/Figure_42.png,/home/taehwan/OCT/OCT/labels1/labels1/Figure_42.png
21,/home/taehwan/OCT/OCT/OCTs1/OCTs1/Figure_21.png,/home/taehwan/OCT/OCT/labels1/labels1/Figure_21.png
22,/home/taehwan/OCT/OCT/OCTs1/OCTs1/Figure_49.png,/home/taehwan/OCT/OCT/labels1/labels1/Figure_49.png
23,/home/taehwan/OCT/OCT/OCTs1/OCTs1/Figure_46.png,/home/taehwan/OCT/OCT/labels1/labels1/Figure_46.png
24,/home/taehwan/OCT/OCT/OCTs1/OCTs1/Figure_52.png,/home/taehwan/OCT/OCT/labels1/labels1/Figure_52.png
25,/home/taehwan/OCT/OCT/OCTs1/OCTs1/Figure_43.png,/home/taehwan/OCT/OCT/labels1/labels1/Figure_43.png
26,/home/taehwan/OCT/OCT/OCTs1/OCTs1/Figure_38.png,/home/taehwan/OCT/OCT/labels1/labels1/Figure_38.png
27,/home/taehwan/OCT/OCT/OCTs1/OCTs1/Figure_23.png,/home/taehwan/OCT/OCT/labels1/labels1/Figure_23.png
28,/home/taehwan/OCT/OCT/OCTs1/OCTs1/Figure_11.png,/home/taehwan/OCT/OCT/labels1/labels1/Figure_11.png
29,/home/taehwan/OCT/OCT/OCTs1/OCTs1/Figure_30.png,/home/taehwan/OCT/OCT/labels1/labels1/Figure_30.png
30,/home/taehwan/OCT/OCT/OCTs1/OCTs1/Figure_48.png,/home/taehwan/OCT/OCT/labels1/labels1/Figure_48.png
31,/home/taehwan/OCT/OCT/OCTs1/OCTs1/Figure_36.png,/home/taehwan/OCT/OCT/labels1/labels1/Figure_36.png
32,/home/taehwan/OCT/OCT/OCTs1/OCTs1/Figure_1.png,/home/taehwan/OCT/OCT/labels1/labels1/Figure_1.png
33,/home/taehwan/OCT/OCT/OCTs1/OCTs1/Figure_47.png,/home/taehwan/OCT/OCT/labels1/labels1/Figure_47.png
34,/home/taehwan/OCT/OCT/OCTs1/OCTs1/Figure_25.png,/home/taehwan/OCT/OCT/labels1/labels1/Figure_25.png
35,/home/taehwan/OCT/OCT/OCTs1/OCTs1/Figure_12.png,/home/taehwan/OCT/OCT/labels1/labels1/Figure_12.png
36,/home/taehwan/OCT/OCT/OCTs1/OCTs1/Figure_40.png,/home/taehwan/OCT/OCT/labels1/labels1/Figure_40.png
37,/home/taehwan/OCT/OCT/OCTs1/OCTs1/Figure_31.png,/home/taehwan/OCT/OCT/labels1/labels1/Figure_31.png
38,/home/taehwan/OCT/OCT/OCTs1/OCTs1/Figure_26.png,/home/taehwan/OCT/OCT/labels1/labels1/Figure_26.png
39,/home/taehwan/OCT/OCT/OCTs1/OCTs1/Figure_6.png,/home/taehwan/OCT/OCT/labels1/labels1/Figure_6.png
40,/home/taehwan/OCT/OCT/OCTs1/OCTs1/Figure_9.png,/home/taehwan/OCT/OCT/labels1/labels1/Figure_9.png
41,/home/taehwan/OCT/OCT/OCTs1/OCTs1/Figure_61.png,/home/taehwan/OCT/OCT/labels1/labels1/Figure_61.png
42,/home/taehwan/OCT/OCT/OCTs1/OCTs1/Figure_20.png,/home/taehwan/OCT/OCT/labels1/labels1/Figure_20.png
43,/home/taehwan/OCT/OCT/OCTs1/OCTs1/Figure_16.png,/home/taehwan/OCT/OCT/labels1/labels1/Figure_16.png
44,/home/taehwan/OCT/OCT/OCTs1/OCTs1/Figure_57.png,/home/taehwan/OCT/OCT/labels1/labels1/Figure_57.png
45,/home/taehwan/OCT/OCT/OCTs1/OCTs1/Figure_58.png,/home/taehwan/OCT/OCT/labels1/labels1/Figure_58.png
46,/home/taehwan/OCT/OCT/OCTs1/OCTs1/Figure_4.png,/home/taehwan/OCT/OCT/labels1/labels1/Figure_4.png
47,/home/taehwan/OCT/OCT/OCTs1/OCTs1/Figure_29.png,/home/taehwan/OCT/OCT/labels1/labels1/Figure_29.png
48,/home/taehwan/OCT/OCT/OCTs1/OCTs1/Figure_53.png,/home/taehwan/OCT/OCT/labels1/labels1/Figure_53.png
49,/home/taehwan/OCT/OCT/OCTs1/OCTs1/Figure_44.png,/home/taehwan/OCT/OCT/labels1/labels1/Figure_44.png
50,/home/taehwan/OCT/OCT/OCTs1/OCTs1/Figure_35.png,/home/taehwan/OCT/OCT/labels1/labels1/Figure_35.png
51,/home/taehwan/OCT/OCT/OCTs1/OCTs1/Figure_51.png,/home/taehwan/OCT/OCT/labels1/labels1/Figure_51.png
52,/home/taehwan/OCT/OCT/OCTs1/OCTs1/Figure_27.png,/home/taehwan/OCT/OCT/labels1/labels1/Figure_27.png
53,/home/taehwan/OCT/OCT/OCTs1/OCTs1/Figure_45.png,/home/taehwan/OCT/OCT/labels1/labels1/Figure_45.png
54,/home/taehwan/OCT/OCT/OCTs1/OCTs1/Figure_28.png,/home/taehwan/OCT/OCT/labels1/labels1/Figure_28.png
55,/home/taehwan/OCT/OCT/OCTs1/OCTs1/Figure_41.png,/home/taehwan/OCT/OCT/labels1/labels1/Figure_41.png
56,/home/taehwan/OCT/OCT/OCTs1/OCTs1/Figure_14.png,/home/taehwan/OCT/OCT/labels1/labels1/Figure_14.png
57,/home/taehwan/OCT/OCT/OCTs1/OCTs1/Figure_7.png,/home/taehwan/OCT/OCT/labels1/labels1/Figure_7.png
58,/home/taehwan/OCT/OCT/OCTs1/OCTs1/Figure_13.png,/home/taehwan/OCT/OCT/labels1/labels1/Figure_13.png
59,/home/taehwan/OCT/OCT/OCTs1/OCTs1/Figure_17.png,/home/taehwan/OCT/OCT/labels1/labels1/Figure_17.png
60,/home/taehwan/OCT/OCT/OCTs1/OCTs1/Figure_18.png,/home/taehwan/OCT/OCT/labels1/labels1/Figure_18.png
61,/home/taehwan/OCT/OCT/OCTs2/OCTs2/Figure_5.png,/home/taehwan/OCT/OCT/labels2/labels2/Figure_5.png
62,/home/taehwan/OCT/OCT/OCTs2/OCTs2/Figure_15.png,/home/taehwan/OCT/OCT/labels2/labels2/Figure_15.png
63,/home/taehwan/OCT/OCT/OCTs2/OCTs2/Figure_2.png,/home/taehwan/OCT/OCT/labels2/labels2/Figure_2.png
64,/home/taehwan/OCT/OCT/OCTs2/OCTs2/Figure_59.png,/home/taehwan/OCT/OCT/labels2/labels2/Figure_59.png
65,/home/taehwan/OCT/OCT/OCTs2/OCTs2/Figure_55.png,/home/taehwan/OCT/OCT/labels2/labels2/Figure_55.png
66,/home/taehwan/OCT/OCT/OCTs2/OCTs2/Figure_3.png,/home/taehwan/OCT/OCT/labels2/labels2/Figure_3.png
67,/home/taehwan/OCT/OCT/OCTs2/OCTs2/Figure_33.png,/home/taehwan/OCT/OCT/labels2/labels2/Figure_33.png
68,/home/taehwan/OCT/OCT/OCTs2/OCTs2/Figure_22.png,/home/taehwan/OCT/OCT/labels2/labels2/Figure_22.png
69,/home/taehwan/OCT/OCT/OCTs2/OCTs2/Figure_39.png,/home/taehwan/OCT/OCT/labels2/labels2/Figure_39.png
70,/home/taehwan/OCT/OCT/OCTs2/OCTs2/Figure_60.png,/home/taehwan/OCT/OCT/labels2/labels2/Figure_60.png
71,/home/taehwan/OCT/OCT/OCTs2/OCTs2/Figure_10.png,/home/taehwan/OCT/OCT/labels2/labels2/Figure_10.png
72,/home/taehwan/OCT/OCT/OCTs2/OCTs2/Figure_54.png,/home/taehwan/OCT/OCT/labels2/labels2/Figure_54.png
73,/home/taehwan/OCT/OCT/OCTs2/OCTs2/Figure_37.png,/home/taehwan/OCT/OCT/labels2/labels2/Figure_37.png
74,/home/taehwan/OCT/OCT/OCTs2/OCTs2/Figure_19.png,/home/taehwan/OCT/OCT/labels2/labels2/Figure_19.png
75,/home/taehwan/OCT/OCT/OCTs2/OCTs2/Figure_24.png,/home/taehwan/OCT/OCT/labels2/labels2/Figure_24.png
76,/home/taehwan/OCT/OCT/OCTs2/OCTs2/Figure_32.png,/home/taehwan/OCT/OCT/labels2/labels2/Figure_32.png
77,/home/taehwan/OCT/OCT/OCTs2/OCTs2/Figure_50.png,/home/taehwan/OCT/OCT/labels2/labels2/Figure_50.png
78,/home/taehwan/OCT/OCT/OCTs2/OCTs2/Figure_56.png,/home/taehwan/OCT/OCT/labels2/labels2/Figure_56.png
79,/home/taehwan/OCT/OCT/OCTs2/OCTs2/Figure_8.png,/home/taehwan/OCT/OCT/labels2/labels2/Figure_8.png
80,/home/taehwan/OCT/OCT/OCTs2/OCTs2/Figure_34.png,/home/taehwan/OCT/OCT/labels2/labels2/Figure_34.png
81,/home/taehwan/OCT/OCT/OCTs2/OCTs2/Figure_42.png,/home/taehwan/OCT/OCT/labels2/labels2/Figure_42.png
82,/home/taehwan/OCT/OCT/OCTs2/OCTs2/Figure_21.png,/home/taehwan/OCT/OCT/labels2/labels2/Figure_21.png
83,/home/taehwan/OCT/OCT/OCTs2/OCTs2/Figure_49.png,/home/taehwan/OCT/OCT/labels2/labels2/Figure_49.png
84,/home/taehwan/OCT/OCT/OCTs2/OCTs2/Figure_46.png,/home/taehwan/OCT/OCT/labels2/labels2/Figure_46.png
85,/home/taehwan/OCT/OCT/OCTs2/OCTs2/Figure_52.png,/home/taehwan/OCT/OCT/labels2/labels2/Figure_52.png
86,/home/taehwan/OCT/OCT/OCTs2/OCTs2/Figure_43.png,/home/taehwan/OCT/OCT/labels2/labels2/Figure_43.png
87,/home/taehwan/OCT/OCT/OCTs2/OCTs2/Figure_38.png,/home/taehwan/OCT/OCT/labels2/labels2/Figure_38.png
88,/home/taehwan/OCT/OCT/OCTs2/OCTs2/Figure_23.png,/home/taehwan/OCT/OCT/labels2/labels2/Figure_23.png
89,/home/taehwan/OCT/OCT/OCTs2/OCTs2/Figure_11.png,/home/taehwan/OCT/OCT/labels2/labels2/Figure_11.png
90,/home/taehwan/OCT/OCT/OCTs2/OCTs2/Figure_30.png,/home/taehwan/OCT/OCT/labels2/labels2/Figure_30.png
91,/home/taehwan/OCT/OCT/OCTs2/OCTs2/Figure_48.png,/home/taehwan/OCT/OCT/labels2/labels2/Figure_48.png
92,/home/taehwan/OCT/OCT/OCTs2/OCTs2/Figure_36.png,/home/taehwan/OCT/OCT/labels2/labels2/Figure_36.png
93,/home/taehwan/OCT/OCT/OCTs2/OCTs2/Figure_1.png,/home/taehwan/OCT/OCT/labels2/labels2/Figure_1.png
94,/home/taehwan/OCT/OCT/OCTs2/OCTs2/Figure_47.png,/home/taehwan/OCT/OCT/labels2/labels2/Figure_47.png
95,/home/taehwan/OCT/OCT/OCTs2/OCTs2/Figure_25.png,/home/taehwan/OCT/OCT/labels2/labels2/Figure_25.png
96,/home/taehwan/OCT/OCT/OCTs2/OCTs2/Figure_12.png,/home/taehwan/OCT/OCT/labels2/labels2/Figure_12.png
97,/home/taehwan/OCT/OCT/OCTs2/OCTs2/Figure_40.png,/home/taehwan/OCT/OCT/labels2/labels2/Figure_40.png
98,/home/taehwan/OCT/OCT/OCTs2/OCTs2/Figure_31.png,/home/taehwan/OCT/OCT/labels2/labels2/Figure_31.png
99,/home/taehwan/OCT/OCT/OCTs2/OCTs2/Figure_26.png,/home/taehwan/OCT/OCT/labels2/labels2/Figure_26.png
100,/home/taehwan/OCT/OCT/OCTs2/OCTs2/Figure_6.png,/home/taehwan/OCT/OCT/labels2/labels2/Figure_6.png
101,/home/taehwan/OCT/OCT/OCTs2/OCTs2/Figure_9.png,/home/taehwan/OCT/OCT/labels2/labels2/Figure_9.png
102,/home/taehwan/OCT/OCT/OCTs2/OCTs2/Figure_61.png,/home/taehwan/OCT/OCT/labels2/labels2/Figure_61.png
103,/home/taehwan/OCT/OCT/OCTs2/OCTs2/Figure_20.png,/home/taehwan/OCT/OCT/labels2/labels2/Figure_20.png
104,/home/taehwan/OCT/OCT/OCTs2/OCTs2/Figure_16.png,/home/taehwan/OCT/OCT/labels2/labels2/Figure_16.png
105,/home/taehwan/OCT/OCT/OCTs2/OCTs2/Figure_57.png,/home/taehwan/OCT/OCT/labels2/labels2/Figure_57.png
106,/home/taehwan/OCT/OCT/OCTs2/OCTs2/Figure_58.png,/home/taehwan/OCT/OCT/labels2/labels2/Figure_58.png
107,/home/taehwan/OCT/OCT/OCTs2/OCTs2/Figure_4.png,/home/taehwan/OCT/OCT/labels2/labels2/Figure_4.png
108,/home/taehwan/OCT/OCT/OCTs2/OCTs2/Figure_29.png,/home/taehwan/OCT/OCT/labels2/labels2/Figure_29.png
109,/home/taehwan/OCT/OCT/OCTs2/OCTs2/Figure_53.png,/home/taehwan/OCT/OCT/labels2/labels2/Figure_53.png
110,/home/taehwan/OCT/OCT/OCTs2/OCTs2/Figure_44.png,/home/taehwan/OCT/OCT/labels2/labels2/Figure_44.png
111,/home/taehwan/OCT/OCT/OCTs2/OCTs2/Figure_35.png,/home/taehwan/OCT/OCT/labels2/labels2/Figure_35.png
112,/home/taehwan/OCT/OCT/OCTs2/OCTs2/Figure_51.png,/home/taehwan/OCT/OCT/labels2/labels2/Figure_51.png
113,/home/taehwan/OCT/OCT/OCTs2/OCTs2/Figure_27.png,/home/taehwan/OCT/OCT/labels2/labels2/Figure_27.png
114,/home/taehwan/OCT/OCT/OCTs2/OCTs2/Figure_45.png,/home/taehwan/OCT/OCT/labels2/labels2/Figure_45.png
115,/home/taehwan/OCT/OCT/OCTs2/OCTs2/Figure_28.png,/home/taehwan/OCT/OCT/labels2/labels2/Figure_28.png
116,/home/taehwan/OCT/OCT/OCTs2/OCTs2/Figure_41.png,/home/taehwan/OCT/OCT/labels2/labels2/Figure_41.png
117,/home/taehwan/OCT/OCT/OCTs2/OCTs2/Figure_14.png,/home/taehwan/OCT/OCT/labels2/labels2/Figure_14.png
118,/home/taehwan/OCT/OCT/OCTs2/OCTs2/Figure_7.png,/home/taehwan/OCT/OCT/labels2/labels2/Figure_7.png
119,/home/taehwan/OCT/OCT/OCTs2/OCTs2/Figure_13.png,/home/taehwan/OCT/OCT/labels2/labels2/Figure_13.png
120,/home/taehwan/OCT/OCT/OCTs2/OCTs2/Figure_17.png,/home/taehwan/OCT/OCT/labels2/labels2/Figure_17.png
121,/home/taehwan/OCT/OCT/OCTs2/OCTs2/Figure_18.png,/home/taehwan/OCT/OCT/labels2/labels2/Figure_18.png
122,/home/taehwan/OCT/OCT/OCTs3/OCTs3/Figure_5.png,/home/taehwan/OCT/OCT/labels3/labels3/Figure_5.png
123,/home/taehwan/OCT/OCT/OCTs3/OCTs3/Figure_15.png,/home/taehwan/OCT/OCT/labels3/labels3/Figure_15.png
124,/home/taehwan/OCT/OCT/OCTs3/OCTs3/Figure_2.png,/home/taehwan/OCT/OCT/labels3/labels3/Figure_2.png
125,/home/taehwan/OCT/OCT/OCTs3/OCTs3/Figure_59.png,/home/taehwan/OCT/OCT/labels3/labels3/Figure_59.png
126,/home/taehwan/OCT/OCT/OCTs3/OCTs3/Figure_55.png,/home/taehwan/OCT/OCT/labels3/labels3/Figure_55.png
127,/home/taehwan/OCT/OCT/OCTs3/OCTs3/Figure_3.png,/home/taehwan/OCT/OCT/labels3/labels3/Figure_3.png
128,/home/taehwan/OCT/OCT/OCTs3/OCTs3/Figure_33.png,/home/taehwan/OCT/OCT/labels3/labels3/Figure_33.png
129,/home/taehwan/OCT/OCT/OCTs3/OCTs3/Figure_22.png,/home/taehwan/OCT/OCT/labels3/labels3/Figure_22.png
130,/home/taehwan/OCT/OCT/OCTs3/OCTs3/Figure_39.png,/home/taehwan/OCT/OCT/labels3/labels3/Figure_39.png
131,/home/taehwan/OCT/OCT/OCTs3/OCTs3/Figure_60.png,/home/taehwan/OCT/OCT/labels3/labels3/Figure_60.png
132,/home/taehwan/OCT/OCT/OCTs3/OCTs3/Figure_10.png,/home/taehwan/OCT/OCT/labels3/labels3/Figure_10.png
133,/home/taehwan/OCT/OCT/OCTs3/OCTs3/Figure_54.png,/home/taehwan/OCT/OCT/labels3/labels3/Figure_54.png
134,/home/taehwan/OCT/OCT/OCTs3/OCTs3/Figure_37.png,/home/taehwan/OCT/OCT/labels3/labels3/Figure_37.png
135,/home/taehwan/OCT/OCT/OCTs3/OCTs3/Figure_19.png,/home/taehwan/OCT/OCT/labels3/labels3/Figure_19.png
136,/home/taehwan/OCT/OCT/OCTs3/OCTs3/Figure_24.png,/home/taehwan/OCT/OCT/labels3/labels3/Figure_24.png
137,/home/taehwan/OCT/OCT/OCTs3/OCTs3/Figure_32.png,/home/taehwan/OCT/OCT/labels3/labels3/Figure_32.png
138,/home/taehwan/OCT/OCT/OCTs3/OCTs3/Figure_50.png,/home/taehwan/OCT/OCT/labels3/labels3/Figure_50.png
139,/home/taehwan/OCT/OCT/OCTs3/OCTs3/Figure_56.png,/home/taehwan/OCT/OCT/labels3/labels3/Figure_56.png
140,/home/taehwan/OCT/OCT/OCTs3/OCTs3/Figure_8.png,/home/taehwan/OCT/OCT/labels3/labels3/Figure_8.png
141,/home/taehwan/OCT/OCT/OCTs3/OCTs3/Figure_34.png,/home/taehwan/OCT/OCT/labels3/labels3/Figure_34.png
142,/home/taehwan/OCT/OCT/OCTs3/OCTs3/Figure_42.png,/home/taehwan/OCT/OCT/labels3/labels3/Figure_42.png
143,/home/taehwan/OCT/OCT/OCTs3/OCTs3/Figure_21.png,/home/taehwan/OCT/OCT/labels3/labels3/Figure_21.png
144,/home/taehwan/OCT/OCT/OCTs3/OCTs3/Figure_49.png,/home/taehwan/OCT/OCT/labels3/labels3/Figure_49.png
145,/home/taehwan/OCT/OCT/OCTs3/OCTs3/Figure_46.png,/home/taehwan/OCT/OCT/labels3/labels3/Figure_46.png
146,/home/taehwan/OCT/OCT/OCTs3/OCTs3/Figure_52.png,/home/taehwan/OCT/OCT/labels3/labels3/Figure_52.png
147,/home/taehwan/OCT/OCT/OCTs3/OCTs3/Figure_43.png,/home/taehwan/OCT/OCT/labels3/labels3/Figure_43.png
148,/home/taehwan/OCT/OCT/OCTs3/OCTs3/Figure_38.png,/home/taehwan/OCT/OCT/labels3/labels3/Figure_38.png
149,/home/taehwan/OCT/OCT/OCTs3/OCTs3/Figure_23.png,/home/taehwan/OCT/OCT/labels3/labels3/Figure_23.png
150,/home/taehwan/OCT/OCT/OCTs3/OCTs3/Figure_11.png,/home/taehwan/OCT/OCT/labels3/labels3/Figure_11.png
151,/home/taehwan/OCT/OCT/OCTs3/OCTs3/Figure_30.png,/home/taehwan/OCT/OCT/labels3/labels3/Figure_30.png
152,/home/taehwan/OCT/OCT/OCTs3/OCTs3/Figure_48.png,/home/taehwan/OCT/OCT/labels3/labels3/Figure_48.png
153,/home/taehwan/OCT/OCT/OCTs3/OCTs3/Figure_36.png,/home/taehwan/OCT/OCT/labels3/labels3/Figure_36.png
154,/home/taehwan/OCT/OCT/OCTs3/OCTs3/Figure_1.png,/home/taehwan/OCT/OCT/labels3/labels3/Figure_1.png
155,/home/taehwan/OCT/OCT/OCTs3/OCTs3/Figure_47.png,/home/taehwan/OCT/OCT/labels3/labels3/Figure_47.png
156,/home/taehwan/OCT/OCT/OCTs3/OCTs3/Figure_25.png,/home/taehwan/OCT/OCT/labels3/labels3/Figure_25.png
157,/home/taehwan/OCT/OCT/OCTs3/OCTs3/Figure_12.png,/home/taehwan/OCT/OCT/labels3/labels3/Figure_12.png
158,/home/taehwan/OCT/OCT/OCTs3/OCTs3/Figure_40.png,/home/taehwan/OCT/OCT/labels3/labels3/Figure_40.png
159,/home/taehwan/OCT/OCT/OCTs3/OCTs3/Figure_31.png,/home/taehwan/OCT/OCT/labels3/labels3/Figure_31.png
160,/home/taehwan/OCT/OCT/OCTs3/OCTs3/Figure_26.png,/home/taehwan/OCT/OCT/labels3/labels3/Figure_26.png
161,/home/taehwan/OCT/OCT/OCTs3/OCTs3/Figure_6.png,/home/taehwan/OCT/OCT/labels3/labels3/Figure_6.png
162,/home/taehwan/OCT/OCT/OCTs3/OCTs3/Figure_9.png,/home/taehwan/OCT/OCT/labels3/labels3/Figure_9.png
163,/home/taehwan/OCT/OCT/OCTs3/OCTs3/Figure_61.png,/home/taehwan/OCT/OCT/labels3/labels3/Figure_61.png
164,/home/taehwan/OCT/OCT/OCTs3/OCTs3/Figure_20.png,/home/taehwan/OCT/OCT/labels3/labels3/Figure_20.png
165,/home/taehwan/OCT/OCT/OCTs3/OCTs3/Figure_16.png,/home/taehwan/OCT/OCT/labels3/labels3/Figure_16.png
166,/home/taehwan/OCT/OCT/OCTs3/OCTs3/Figure_57.png,/home/taehwan/OCT/OCT/labels3/labels3/Figure_57.png
167,/home/taehwan/OCT/OCT/OCTs3/OCTs3/Figure_58.png,/home/taehwan/OCT/OCT/labels3/labels3/Figure_58.png
168,/home/taehwan/OCT/OCT/OCTs3/OCTs3/Figure_4.png,/home/taehwan/OCT/OCT/labels3/labels3/Figure_4.png
169,/home/taehwan/OCT/OCT/OCTs3/OCTs3/Figure_29.png,/home/taehwan/OCT/OCT/labels3/labels3/Figure_29.png
170,/home/taehwan/OCT/OCT/OCTs3/OCTs3/Figure_53.png,/home/taehwan/OCT/OCT/labels3/labels3/Figure_53.png
171,/home/taehwan/OCT/OCT/OCTs3/OCTs3/Figure_44.png,/home/taehwan/OCT/OCT/labels3/labels3/Figure_44.png
172,/home/taehwan/OCT/OCT/OCTs3/OCTs3/Figure_35.png,/home/taehwan/OCT/OCT/labels3/labels3/Figure_35.png
173,/home/taehwan/OCT/OCT/OCTs3/OCTs3/Figure_51.png,/home/taehwan/OCT/OCT/labels3/labels3/Figure_51.png
174,/home/taehwan/OCT/OCT/OCTs3/OCTs3/Figure_27.png,/home/taehwan/OCT/OCT/labels3/labels3/Figure_27.png
175,/home/taehwan/OCT/OCT/OCTs3/OCTs3/Figure_45.png,/home/taehwan/OCT/OCT/labels3/labels3/Figure_45.png
176,/home/taehwan/OCT/OCT/OCTs3/OCTs3/Figure_28.png,/home/taehwan/OCT/OCT/labels3/labels3/Figure_28.png
177,/home/taehwan/OCT/OCT/OCTs3/OCTs3/Figure_41.png,/home/taehwan/OCT/OCT/labels3/labels3/Figure_41.png
178,/home/taehwan/OCT/OCT/OCTs3/OCTs3/Figure_14.png,/home/taehwan/OCT/OCT/labels3/labels3/Figure_14.png
179,/home/taehwan/OCT/OCT/OCTs3/OCTs3/Figure_7.png,/home/taehwan/OCT/OCT/labels3/labels3/Figure_7.png
180,/home/taehwan/OCT/OCT/OCTs3/OCTs3/Figure_13.png,/home/taehwan/OCT/OCT/labels3/labels3/Figure_13.png
181,/home/taehwan/OCT/OCT/OCTs3/OCTs3/Figure_17.png,/home/taehwan/OCT/OCT/labels3/labels3/Figure_17.png
182,/home/taehwan/OCT/OCT/OCTs3/OCTs3/Figure_18.png,/home/taehwan/OCT/OCT/labels3/labels3/Figure_18.png
183,/home/taehwan/OCT/OCT/OCTs4/OCTs4/Figure_5.png,/home/taehwan/OCT/OCT/labels4/labels4/Figure_5.png
184,/home/taehwan/OCT/OCT/OCTs4/OCTs4/Figure_15.png,/home/taehwan/OCT/OCT/labels4/labels4/Figure_15.png
185,/home/taehwan/OCT/OCT/OCTs4/OCTs4/Figure_2.png,/home/taehwan/OCT/OCT/labels4/labels4/Figure_2.png
186,/home/taehwan/OCT/OCT/OCTs4/OCTs4/Figure_59.png,/home/taehwan/OCT/OCT/labels4/labels4/Figure_59.png
187,/home/taehwan/OCT/OCT/OCTs4/OCTs4/Figure_55.png,/home/taehwan/OCT/OCT/labels4/labels4/Figure_55.png
188,/home/taehwan/OCT/OCT/OCTs4/OCTs4/Figure_3.png,/home/taehwan/OCT/OCT/labels4/labels4/Figure_3.png
189,/home/taehwan/OCT/OCT/OCTs4/OCTs4/Figure_33.png,/home/taehwan/OCT/OCT/labels4/labels4/Figure_33.png
190,/home/taehwan/OCT/OCT/OCTs4/OCTs4/Figure_22.png,/home/taehwan/OCT/OCT/labels4/labels4/Figure_22.png
191,/home/taehwan/OCT/OCT/OCTs4/OCTs4/Figure_39.png,/home/taehwan/OCT/OCT/labels4/labels4/Figure_39.png
192,/home/taehwan/OCT/OCT/OCTs4/OCTs4/Figure_60.png,/home/taehwan/OCT/OCT/labels4/labels4/Figure_60.png
193,/home/taehwan/OCT/OCT/OCTs4/OCTs4/Figure_10.png,/home/taehwan/OCT/OCT/labels4/labels4/Figure_10.png
194,/home/taehwan/OCT/OCT/OCTs4/OCTs4/Figure_54.png,/home/taehwan/OCT/OCT/labels4/labels4/Figure_54.png
195,/home/taehwan/OCT/OCT/OCTs4/OCTs4/Figure_37.png,/home/taehwan/OCT/OCT/labels4/labels4/Figure_37.png
196,/home/taehwan/OCT/OCT/OCTs4/OCTs4/Figure_19.png,/home/taehwan/OCT/OCT/labels4/labels4/Figure_19.png
197,/home/taehwan/OCT/OCT/OCTs4/OCTs4/Figure_24.png,/home/taehwan/OCT/OCT/labels4/labels4/Figure_24.png
198,/home/taehwan/OCT/OCT/OCTs4/OCTs4/Figure_32.png,/home/taehwan/OCT/OCT/labels4/labels4/Figure_32.png
199,/home/taehwan/OCT/OCT/OCTs4/OCTs4/Figure_50.png,/home/taehwan/OCT/OCT/labels4/labels4/Figure_50.png
200,/home/taehwan/OCT/OCT/OCTs4/OCTs4/Figure_56.png,/home/taehwan/OCT/OCT/labels4/labels4/Figure_56.png
201,/home/taehwan/OCT/OCT/OCTs4/OCTs4/Figure_8.png,/home/taehwan/OCT/OCT/labels4/labels4/Figure_8.png
202,/home/taehwan/OCT/OCT/OCTs4/OCTs4/Figure_34.png,/home/taehwan/OCT/OCT/labels4/labels4/Figure_34.png
203,/home/taehwan/OCT/OCT/OCTs4/OCTs4/Figure_42.png,/home/taehwan/OCT/OCT/labels4/labels4/Figure_42.png
204,/home/taehwan/OCT/OCT/OCTs4/OCTs4/Figure_21.png,/home/taehwan/OCT/OCT/labels4/labels4/Figure_21.png
205,/home/taehwan/OCT/OCT/OCTs4/OCTs4/Figure_49.png,/home/taehwan/OCT/OCT/labels4/labels4/Figure_49.png
206,/home/taehwan/OCT/OCT/OCTs4/OCTs4/Figure_46.png,/home/taehwan/OCT/OCT/labels4/labels4/Figure_46.png
207,/home/taehwan/OCT/OCT/OCTs4/OCTs4/Figure_52.png,/home/taehwan/OCT/OCT/labels4/labels4/Figure_52.png
208,/home/taehwan/OCT/OCT/OCTs4/OCTs4/Figure_43.png,/home/taehwan/OCT/OCT/labels4/labels4/Figure_43.png
209,/home/taehwan/OCT/OCT/OCTs4/OCTs4/Figure_38.png,/home/taehwan/OCT/OCT/labels4/labels4/Figure_38.png
210,/home/taehwan/OCT/OCT/OCTs4/OCTs4/Figure_23.png,/home/taehwan/OCT/OCT/labels4/labels4/Figure_23.png
211,/home/taehwan/OCT/OCT/OCTs4/OCTs4/Figure_11.png,/home/taehwan/OCT/OCT/labels4/labels4/Figure_11.png
212,/home/taehwan/OCT/OCT/OCTs4/OCTs4/Figure_30.png,/home/taehwan/OCT/OCT/labels4/labels4/Figure_30.png
213,/home/taehwan/OCT/OCT/OCTs4/OCTs4/Figure_48.png,/home/taehwan/OCT/OCT/labels4/labels4/Figure_48.png
214,/home/taehwan/OCT/OCT/OCTs4/OCTs4/Figure_36.png,/home/taehwan/OCT/OCT/labels4/labels4/Figure_36.png
215,/home/taehwan/OCT/OCT/OCTs4/OCTs4/Figure_1.png,/home/taehwan/OCT/OCT/labels4/labels4/Figure_1.png
216,/home/taehwan/OCT/OCT/OCTs4/OCTs4/Figure_47.png,/home/taehwan/OCT/OCT/labels4/labels4/Figure_47.png
217,/home/taehwan/OCT/OCT/OCTs4/OCTs4/Figure_25.png,/home/taehwan/OCT/OCT/labels4/labels4/Figure_25.png
218,/home/taehwan/OCT/OCT/OCTs4/OCTs4/Figure_12.png,/home/taehwan/OCT/OCT/labels4/labels4/Figure_12.png
219,/home/taehwan/OCT/OCT/OCTs4/OCTs4/Figure_40.png,/home/taehwan/OCT/OCT/labels4/labels4/Figure_40.png
220,/home/taehwan/OCT/OCT/OCTs4/OCTs4/Figure_31.png,/home/taehwan/OCT/OCT/labels4/labels4/Figure_31.png
221,/home/taehwan/OCT/OCT/OCTs4/OCTs4/Figure_26.png,/home/taehwan/OCT/OCT/labels4/labels4/Figure_26.png
222,/home/taehwan/OCT/OCT/OCTs4/OCTs4/Figure_6.png,/home/taehwan/OCT/OCT/labels4/labels4/Figure_6.png
223,/home/taehwan/OCT/OCT/OCTs4/OCTs4/Figure_9.png,/home/taehwan/OCT/OCT/labels4/labels4/Figure_9.png
224,/home/taehwan/OCT/OCT/OCTs4/OCTs4/Figure_61.png,/home/taehwan/OCT/OCT/labels4/labels4/Figure_61.png
225,/home/taehwan/OCT/OCT/OCTs4/OCTs4/Figure_20.png,/home/taehwan/OCT/OCT/labels4/labels4/Figure_20.png
226,/home/taehwan/OCT/OCT/OCTs4/OCTs4/Figure_16.png,/home/taehwan/OCT/OCT/labels4/labels4/Figure_16.png
227,/home/taehwan/OCT/OCT/OCTs4/OCTs4/Figure_57.png,/home/taehwan/OCT/OCT/labels4/labels4/Figure_57.png
228,/home/taehwan/OCT/OCT/OCTs4/OCTs4/Figure_58.png,/home/taehwan/OCT/OCT/labels4/labels4/Figure_58.png
229,/home/taehwan/OCT/OCT/OCTs4/OCTs4/Figure_4.png,/home/taehwan/OCT/OCT/labels4/labels4/Figure_4.png
230,/home/taehwan/OCT/OCT/OCTs4/OCTs4/Figure_29.png,/home/taehwan/OCT/OCT/labels4/labels4/Figure_29.png
231,/home/taehwan/OCT/OCT/OCTs4/OCTs4/Figure_53.png,/home/taehwan/OCT/OCT/labels4/labels4/Figure_53.png
232,/home/taehwan/OCT/OCT/OCTs4/OCTs4/Figure_44.png,/home/taehwan/OCT/OCT/labels4/labels4/Figure_44.png
233,/home/taehwan/OCT/OCT/OCTs4/OCTs4/Figure_35.png,/home/taehwan/OCT/OCT/labels4/labels4/Figure_35.png
234,/home/taehwan/OCT/OCT/OCTs4/OCTs4/Figure_51.png,/home/taehwan/OCT/OCT/labels4/labels4/Figure_51.png
235,/home/taehwan/OCT/OCT/OCTs4/OCTs4/Figure_27.png,/home/taehwan/OCT/OCT/labels4/labels4/Figure_27.png
236,/home/taehwan/OCT/OCT/OCTs4/OCTs4/Figure_45.png,/home/taehwan/OCT/OCT/labels4/labels4/Figure_45.png
237,/home/taehwan/OCT/OCT/OCTs4/OCTs4/Figure_28.png,/home/taehwan/OCT/OCT/labels4/labels4/Figure_28.png
238,/home/taehwan/OCT/OCT/OCTs4/OCTs4/Figure_41.png,/home/taehwan/OCT/OCT/labels4/labels4/Figure_41.png
239,/home/taehwan/OCT/OCT/OCTs4/OCTs4/Figure_14.png,/home/taehwan/OCT/OCT/labels4/labels4/Figure_14.png
240,/home/taehwan/OCT/OCT/OCTs4/OCTs4/Figure_7.png,/home/taehwan/OCT/OCT/labels4/labels4/Figure_7.png
241,/home/taehwan/OCT/OCT/OCTs4/OCTs4/Figure_13.png,/home/taehwan/OCT/OCT/labels4/labels4/Figure_13.png
242,/home/taehwan/OCT/OCT/OCTs4/OCTs4/Figure_17.png,/home/taehwan/OCT/OCT/labels4/labels4/Figure_17.png
243,/home/taehwan/OCT/OCT/OCTs4/OCTs4/Figure_18.png,/home/taehwan/OCT/OCT/labels4/labels4/Figure_18.png
244,/home/taehwan/OCT/OCT/OCTs5/OCTs5/Figure_5.png,/home/taehwan/OCT/OCT/labels5/labels5/Figure_5.png
245,/home/taehwan/OCT/OCT/OCTs5/OCTs5/Figure_15.png,/home/taehwan/OCT/OCT/labels5/labels5/Figure_15.png
246,/home/taehwan/OCT/OCT/OCTs5/OCTs5/Figure_2.png,/home/taehwan/OCT/OCT/labels5/labels5/Figure_2.png
247,/home/taehwan/OCT/OCT/OCTs5/OCTs5/Figure_59.png,/home/taehwan/OCT/OCT/labels5/labels5/Figure_59.png
248,/home/taehwan/OCT/OCT/OCTs5/OCTs5/Figure_55.png,/home/taehwan/OCT/OCT/labels5/labels5/Figure_55.png
249,/home/taehwan/OCT/OCT/OCTs5/OCTs5/Figure_3.png,/home/taehwan/OCT/OCT/labels5/labels5/Figure_3.png
250,/home/taehwan/OCT/OCT/OCTs5/OCTs5/Figure_33.png,/home/taehwan/OCT/OCT/labels5/labels5/Figure_33.png
251,/home/taehwan/OCT/OCT/OCTs5/OCTs5/Figure_22.png,/home/taehwan/OCT/OCT/labels5/labels5/Figure_22.png
252,/home/taehwan/OCT/OCT/OCTs5/OCTs5/Figure_39.png,/home/taehwan/OCT/OCT/labels5/labels5/Figure_39.png
253,/home/taehwan/OCT/OCT/OCTs5/OCTs5/Figure_60.png,/home/taehwan/OCT/OCT/labels5/labels5/Figure_60.png
254,/home/taehwan/OCT/OCT/OCTs5/OCTs5/Figure_10.png,/home/taehwan/OCT/OCT/labels5/labels5/Figure_10.png
255,/home/taehwan/OCT/OCT/OCTs5/OCTs5/Figure_54.png,/home/taehwan/OCT/OCT/labels5/labels5/Figure_54.png
256,/home/taehwan/OCT/OCT/OCTs5/OCTs5/Figure_37.png,/home/taehwan/OCT/OCT/labels5/labels5/Figure_37.png
257,/home/taehwan/OCT/OCT/OCTs5/OCTs5/Figure_19.png,/home/taehwan/OCT/OCT/labels5/labels5/Figure_19.png
258,/home/taehwan/OCT/OCT/OCTs5/OCTs5/Figure_24.png,/home/taehwan/OCT/OCT/labels5/labels5/Figure_24.png
259,/home/taehwan/OCT/OCT/OCTs5/OCTs5/Figure_32.png,/home/taehwan/OCT/OCT/labels5/labels5/Figure_32.png
260,/home/taehwan/OCT/OCT/OCTs5/OCTs5/Figure_50.png,/home/taehwan/OCT/OCT/labels5/labels5/Figure_50.png
261,/home/taehwan/OCT/OCT/OCTs5/OCTs5/Figure_56.png,/home/taehwan/OCT/OCT/labels5/labels5/Figure_56.png
262,/home/taehwan/OCT/OCT/OCTs5/OCTs5/Figure_8.png,/home/taehwan/OCT/OCT/labels5/labels5/Figure_8.png
263,/home/taehwan/OCT/OCT/OCTs5/OCTs5/Figure_34.png,/home/taehwan/OCT/OCT/labels5/labels5/Figure_34.png
264,/home/taehwan/OCT/OCT/OCTs5/OCTs5/Figure_42.png,/home/taehwan/OCT/OCT/labels5/labels5/Figure_42.png
265,/home/taehwan/OCT/OCT/OCTs5/OCTs5/Figure_21.png,/home/taehwan/OCT/OCT/labels5/labels5/Figure_21.png
266,/home/taehwan/OCT/OCT/OCTs5/OCTs5/Figure_49.png,/home/taehwan/OCT/OCT/labels5/labels5/Figure_49.png
267,/home/taehwan/OCT/OCT/OCTs5/OCTs5/Figure_46.png,/home/taehwan/OCT/OCT/labels5/labels5/Figure_46.png
268,/home/taehwan/OCT/OCT/OCTs5/OCTs5/Figure_52.png,/home/taehwan/OCT/OCT/labels5/labels5/Figure_52.png
269,/home/taehwan/OCT/OCT/OCTs5/OCTs5/Figure_43.png,/home/taehwan/OCT/OCT/labels5/labels5/Figure_43.png
270,/home/taehwan/OCT/OCT/OCTs5/OCTs5/Figure_38.png,/home/taehwan/OCT/OCT/labels5/labels5/Figure_38.png
271,/home/taehwan/OCT/OCT/OCTs5/OCTs5/Figure_23.png,/home/taehwan/OCT/OCT/labels5/labels5/Figure_23.png
272,/home/taehwan/OCT/OCT/OCTs5/OCTs5/Figure_11.png,/home/taehwan/OCT/OCT/labels5/labels5/Figure_11.png
273,/home/taehwan/OCT/OCT/OCTs5/OCTs5/Figure_30.png,/home/taehwan/OCT/OCT/labels5/labels5/Figure_30.png
274,/home/taehwan/OCT/OCT/OCTs5/OCTs5/Figure_48.png,/home/taehwan/OCT/OCT/labels5/labels5/Figure_48.png
275,/home/taehwan/OCT/OCT/OCTs5/OCTs5/Figure_36.png,/home/taehwan/OCT/OCT/labels5/labels5/Figure_36.png
276,/home/taehwan/OCT/OCT/OCTs5/OCTs5/Figure_1.png,/home/taehwan/OCT/OCT/labels5/labels5/Figure_1.png
277,/home/taehwan/OCT/OCT/OCTs5/OCTs5/Figure_47.png,/home/taehwan/OCT/OCT/labels5/labels5/Figure_47.png
278,/home/taehwan/OCT/OCT/OCTs5/OCTs5/Figure_25.png,/home/taehwan/OCT/OCT/labels5/labels5/Figure_25.png
279,/home/taehwan/OCT/OCT/OCTs5/OCTs5/Figure_12.png,/home/taehwan/OCT/OCT/labels5/labels5/Figure_12.png
280,/home/taehwan/OCT/OCT/OCTs5/OCTs5/Figure_40.png,/home/taehwan/OCT/OCT/labels5/labels5/Figure_40.png
281,/home/taehwan/OCT/OCT/OCTs5/OCTs5/Figure_31.png,/home/taehwan/OCT/OCT/labels5/labels5/Figure_31.png
282,/home/taehwan/OCT/OCT/OCTs5/OCTs5/Figure_26.png,/home/taehwan/OCT/OCT/labels5/labels5/Figure_26.png
283,/home/taehwan/OCT/OCT/OCTs5/OCTs5/Figure_6.png,/home/taehwan/OCT/OCT/labels5/labels5/Figure_6.png
284,/home/taehwan/OCT/OCT/OCTs5/OCTs5/Figure_9.png,/home/taehwan/OCT/OCT/labels5/labels5/Figure_9.png
285,/home/taehwan/OCT/OCT/OCTs5/OCTs5/Figure_61.png,/home/taehwan/OCT/OCT/labels5/labels5/Figure_61.png
286,/home/taehwan/OCT/OCT/OCTs5/OCTs5/Figure_20.png,/home/taehwan/OCT/OCT/labels5/labels5/Figure_20.png
287,/home/taehwan/OCT/OCT/OCTs5/OCTs5/Figure_16.png,/home/taehwan/OCT/OCT/labels5/labels5/Figure_16.png
288,/home/taehwan/OCT/OCT/OCTs5/OCTs5/Figure_57.png,/home/taehwan/OCT/OCT/labels5/labels5/Figure_57.png
289,/home/taehwan/OCT/OCT/OCTs5/OCTs5/Figure_58.png,/home/taehwan/OCT/OCT/labels5/labels5/Figure_58.png
290,/home/taehwan/OCT/OCT/OCTs5/OCTs5/Figure_4.png,/home/taehwan/OCT/OCT/labels5/labels5/Figure_4.png
291,/home/taehwan/OCT/OCT/OCTs5/OCTs5/Figure_29.png,/home/taehwan/OCT/OCT/labels5/labels5/Figure_29.png
292,/home/taehwan/OCT/OCT/OCTs5/OCTs5/Figure_53.png,/home/taehwan/OCT/OCT/labels5/labels5/Figure_53.png
293,/home/taehwan/OCT/OCT/OCTs5/OCTs5/Figure_44.png,/home/taehwan/OCT/OCT/labels5/labels5/Figure_44.png
294,/home/taehwan/OCT/OCT/OCTs5/OCTs5/Figure_35.png,/home/taehwan/OCT/OCT/labels5/labels5/Figure_35.png
295,/home/taehwan/OCT/OCT/OCTs5/OCTs5/Figure_51.png,/home/taehwan/OCT/OCT/labels5/labels5/Figure_51.png
296,/home/taehwan/OCT/OCT/OCTs5/OCTs5/Figure_27.png,/home/taehwan/OCT/OCT/labels5/labels5/Figure_27.png
297,/home/taehwan/OCT/OCT/OCTs5/OCTs5/Figure_45.png,/home/taehwan/OCT/OCT/labels5/labels5/Figure_45.png
298,/home/taehwan/OCT/OCT/OCTs5/OCTs5/Figure_28.png,/home/taehwan/OCT/OCT/labels5/labels5/Figure_28.png
299,/home/taehwan/OCT/OCT/OCTs5/OCTs5/Figure_41.png,/home/taehwan/OCT/OCT/labels5/labels5/Figure_41.png
300,/home/taehwan/OCT/OCT/OCTs5/OCTs5/Figure_14.png,/home/taehwan/OCT/OCT/labels5/labels5/Figure_14.png
301,/home/taehwan/OCT/OCT/OCTs5/OCTs5/Figure_7.png,/home/taehwan/OCT/OCT/labels5/labels5/Figure_7.png
302,/home/taehwan/OCT/OCT/OCTs5/OCTs5/Figure_13.png,/home/taehwan/OCT/OCT/labels5/labels5/Figure_13.png
303,/home/taehwan/OCT/OCT/OCTs5/OCTs5/Figure_17.png,/home/taehwan/OCT/OCT/labels5/labels5/Figure_17.png
304,/home/taehwan/OCT/OCT/OCTs5/OCTs5/Figure_18.png,/home/taehwan/OCT/OCT/labels5/labels5/Figure_18.png
305,/home/taehwan/OCT/OCT/OCTs6/OCTs6/Figure_5.png,/home/taehwan/OCT/OCT/labels6/labels6/Figure_5.png
306,/home/taehwan/OCT/OCT/OCTs6/OCTs6/Figure_15.png,/home/taehwan/OCT/OCT/labels6/labels6/Figure_15.png
307,/home/taehwan/OCT/OCT/OCTs6/OCTs6/Figure_2.png,/home/taehwan/OCT/OCT/labels6/labels6/Figure_2.png
308,/home/taehwan/OCT/OCT/OCTs6/OCTs6/Figure_59.png,/home/taehwan/OCT/OCT/labels6/labels6/Figure_59.png
309,/home/taehwan/OCT/OCT/OCTs6/OCTs6/Figure_55.png,/home/taehwan/OCT/OCT/labels6/labels6/Figure_55.png
310,/home/taehwan/OCT/OCT/OCTs6/OCTs6/Figure_3.png,/home/taehwan/OCT/OCT/labels6/labels6/Figure_3.png
311,/home/taehwan/OCT/OCT/OCTs6/OCTs6/Figure_33.png,/home/taehwan/OCT/OCT/labels6/labels6/Figure_33.png
312,/home/taehwan/OCT/OCT/OCTs6/OCTs6/Figure_22.png,/home/taehwan/OCT/OCT/labels6/labels6/Figure_22.png
313,/home/taehwan/OCT/OCT/OCTs6/OCTs6/Figure_39.png,/home/taehwan/OCT/OCT/labels6/labels6/Figure_39.png
314,/home/taehwan/OCT/OCT/OCTs6/OCTs6/Figure_60.png,/home/taehwan/OCT/OCT/labels6/labels6/Figure_60.png
315,/home/taehwan/OCT/OCT/OCTs6/OCTs6/Figure_10.png,/home/taehwan/OCT/OCT/labels6/labels6/Figure_10.png
316,/home/taehwan/OCT/OCT/OCTs6/OCTs6/Figure_54.png,/home/taehwan/OCT/OCT/labels6/labels6/Figure_54.png
317,/home/taehwan/OCT/OCT/OCTs6/OCTs6/Figure_37.png,/home/taehwan/OCT/OCT/labels6/labels6/Figure_37.png
318,/home/taehwan/OCT/OCT/OCTs6/OCTs6/Figure_19.png,/home/taehwan/OCT/OCT/labels6/labels6/Figure_19.png
319,/home/taehwan/OCT/OCT/OCTs6/OCTs6/Figure_24.png,/home/taehwan/OCT/OCT/labels6/labels6/Figure_24.png
320,/home/taehwan/OCT/OCT/OCTs6/OCTs6/Figure_32.png,/home/taehwan/OCT/OCT/labels6/labels6/Figure_32.png
321,/home/taehwan/OCT/OCT/OCTs6/OCTs6/Figure_50.png,/home/taehwan/OCT/OCT/labels6/labels6/Figure_50.png
322,/home/taehwan/OCT/OCT/OCTs6/OCTs6/Figure_56.png,/home/taehwan/OCT/OCT/labels6/labels6/Figure_56.png
323,/home/taehwan/OCT/OCT/OCTs6/OCTs6/Figure_8.png,/home/taehwan/OCT/OCT/labels6/labels6/Figure_8.png
324,/home/taehwan/OCT/OCT/OCTs6/OCTs6/Figure_34.png,/home/taehwan/OCT/OCT/labels6/labels6/Figure_34.png
325,/home/taehwan/OCT/OCT/OCTs6/OCTs6/Figure_42.png,/home/taehwan/OCT/OCT/labels6/labels6/Figure_42.png
326,/home/taehwan/OCT/OCT/OCTs6/OCTs6/Figure_21.png,/home/taehwan/OCT/OCT/labels6/labels6/Figure_21.png
327,/home/taehwan/OCT/OCT/OCTs6/OCTs6/Figure_49.png,/home/taehwan/OCT/OCT/labels6/labels6/Figure_49.png
328,/home/taehwan/OCT/OCT/OCTs6/OCTs6/Figure_46.png,/home/taehwan/OCT/OCT/labels6/labels6/Figure_46.png
329,/home/taehwan/OCT/OCT/OCTs6/OCTs6/Figure_52.png,/home/taehwan/OCT/OCT/labels6/labels6/Figure_52.png
330,/home/taehwan/OCT/OCT/OCTs6/OCTs6/Figure_43.png,/home/taehwan/OCT/OCT/labels6/labels6/Figure_43.png
331,/home/taehwan/OCT/OCT/OCTs6/OCTs6/Figure_38.png,/home/taehwan/OCT/OCT/labels6/labels6/Figure_38.png
332,/home/taehwan/OCT/OCT/OCTs6/OCTs6/Figure_23.png,/home/taehwan/OCT/OCT/labels6/labels6/Figure_23.png
333,/home/taehwan/OCT/OCT/OCTs6/OCTs6/Figure_11.png,/home/taehwan/OCT/OCT/labels6/labels6/Figure_11.png
334,/home/taehwan/OCT/OCT/OCTs6/OCTs6/Figure_30.png,/home/taehwan/OCT/OCT/labels6/labels6/Figure_30.png
335,/home/taehwan/OCT/OCT/OCTs6/OCTs6/Figure_48.png,/home/taehwan/OCT/OCT/labels6/labels6/Figure_48.png
336,/home/taehwan/OCT/OCT/OCTs6/OCTs6/Figure_36.png,/home/taehwan/OCT/OCT/labels6/labels6/Figure_36.png
337,/home/taehwan/OCT/OCT/OCTs6/OCTs6/Figure_1.png,/home/taehwan/OCT/OCT/labels6/labels6/Figure_1.png
338,/home/taehwan/OCT/OCT/OCTs6/OCTs6/Figure_47.png,/home/taehwan/OCT/OCT/labels6/labels6/Figure_47.png
339,/home/taehwan/OCT/OCT/OCTs6/OCTs6/Figure_25.png,/home/taehwan/OCT/OCT/labels6/labels6/Figure_25.png
340,/home/taehwan/OCT/OCT/OCTs6/OCTs6/Figure_12.png,/home/taehwan/OCT/OCT/labels6/labels6/Figure_12.png
341,/home/taehwan/OCT/OCT/OCTs6/OCTs6/Figure_40.png,/home/taehwan/OCT/OCT/labels6/labels6/Figure_40.png
342,/home/taehwan/OCT/OCT/OCTs6/OCTs6/Figure_31.png,/home/taehwan/OCT/OCT/labels6/labels6/Figure_31.png
343,/home/taehwan/OCT/OCT/OCTs6/OCTs6/Figure_26.png,/home/taehwan/OCT/OCT/labels6/labels6/Figure_26.png
344,/home/taehwan/OCT/OCT/OCTs6/OCTs6/Figure_6.png,/home/taehwan/OCT/OCT/labels6/labels6/Figure_6.png
345,/home/taehwan/OCT/OCT/OCTs6/OCTs6/Figure_9.png,/home/taehwan/OCT/OCT/labels6/labels6/Figure_9.png
346,/home/taehwan/OCT/OCT/OCTs6/OCTs6/Figure_61.png,/home/taehwan/OCT/OCT/labels6/labels6/Figure_61.png
347,/home/taehwan/OCT/OCT/OCTs6/OCTs6/Figure_20.png,/home/taehwan/OCT/OCT/labels6/labels6/Figure_20.png
348,/home/taehwan/OCT/OCT/OCTs6/OCTs6/Figure_16.png,/home/taehwan/OCT/OCT/labels6/labels6/Figure_16.png
349,/home/taehwan/OCT/OCT/OCTs6/OCTs6/Figure_57.png,/home/taehwan/OCT/OCT/labels6/labels6/Figure_57.png
350,/home/taehwan/OCT/OCT/OCTs6/OCTs6/Figure_58.png,/home/taehwan/OCT/OCT/labels6/labels6/Figure_58.png
351,/home/taehwan/OCT/OCT/OCTs6/OCTs6/Figure_4.png,/home/taehwan/OCT/OCT/labels6/labels6/Figure_4.png
352,/home/taehwan/OCT/OCT/OCTs6/OCTs6/Figure_29.png,/home/taehwan/OCT/OCT/labels6/labels6/Figure_29.png
353,/home/taehwan/OCT/OCT/OCTs6/OCTs6/Figure_53.png,/home/taehwan/OCT/OCT/labels6/labels6/Figure_53.png
354,/home/taehwan/OCT/OCT/OCTs6/OCTs6/Figure_44.png,/home/taehwan/OCT/OCT/labels6/labels6/Figure_44.png
355,/home/taehwan/OCT/OCT/OCTs6/OCTs6/Figure_35.png,/home/taehwan/OCT/OCT/labels6/labels6/Figure_35.png
356,/home/taehwan/OCT/OCT/OCTs6/OCTs6/Figure_51.png,/home/taehwan/OCT/OCT/labels6/labels6/Figure_51.png
357,/home/taehwan/OCT/OCT/OCTs6/OCTs6/Figure_27.png,/home/taehwan/OCT/OCT/labels6/labels6/Figure_27.png
358,/home/taehwan/OCT/OCT/OCTs6/OCTs6/Figure_45.png,/home/taehwan/OCT/OCT/labels6/labels6/Figure_45.png
359,/home/taehwan/OCT/OCT/OCTs6/OCTs6/Figure_28.png,/home/taehwan/OCT/OCT/labels6/labels6/Figure_28.png
360,/home/taehwan/OCT/OCT/OCTs6/OCTs6/Figure_41.png,/home/taehwan/OCT/OCT/labels6/labels6/Figure_41.png
361,/home/taehwan/OCT/OCT/OCTs6/OCTs6/Figure_14.png,/home/taehwan/OCT/OCT/labels6/labels6/Figure_14.png
362,/home/taehwan/OCT/OCT/OCTs6/OCTs6/Figure_7.png,/home/taehwan/OCT/OCT/labels6/labels6/Figure_7.png
363,/home/taehwan/OCT/OCT/OCTs6/OCTs6/Figure_13.png,/home/taehwan/OCT/OCT/labels6/labels6/Figure_13.png
364,/home/taehwan/OCT/OCT/OCTs6/OCTs6/Figure_17.png,/home/taehwan/OCT/OCT/labels6/labels6/Figure_17.png
365,/home/taehwan/OCT/OCT/OCTs6/OCTs6/Figure_18.png,/home/taehwan/OCT/OCT/labels6/labels6/Figure_18.png
366,/home/taehwan/OCT/OCT/OCTs7/OCTs7/Figure_5.png,/home/taehwan/OCT/OCT/labels7/labels7/Figure_5.png
367,/home/taehwan/OCT/OCT/OCTs7/OCTs7/Figure_15.png,/home/taehwan/OCT/OCT/labels7/labels7/Figure_15.png
368,/home/taehwan/OCT/OCT/OCTs7/OCTs7/Figure_2.png,/home/taehwan/OCT/OCT/labels7/labels7/Figure_2.png
369,/home/taehwan/OCT/OCT/OCTs7/OCTs7/Figure_59.png,/home/taehwan/OCT/OCT/labels7/labels7/Figure_59.png
370,/home/taehwan/OCT/OCT/OCTs7/OCTs7/Figure_55.png,/home/taehwan/OCT/OCT/labels7/labels7/Figure_55.png
371,/home/taehwan/OCT/OCT/OCTs7/OCTs7/Figure_3.png,/home/taehwan/OCT/OCT/labels7/labels7/Figure_3.png
372,/home/taehwan/OCT/OCT/OCTs7/OCTs7/Figure_33.png,/home/taehwan/OCT/OCT/labels7/labels7/Figure_33.png
373,/home/taehwan/OCT/OCT/OCTs7/OCTs7/Figure_22.png,/home/taehwan/OCT/OCT/labels7/labels7/Figure_22.png
374,/home/taehwan/OCT/OCT/OCTs7/OCTs7/Figure_39.png,/home/taehwan/OCT/OCT/labels7/labels7/Figure_39.png
375,/home/taehwan/OCT/OCT/OCTs7/OCTs7/Figure_60.png,/home/taehwan/OCT/OCT/labels7/labels7/Figure_60.png
376,/home/taehwan/OCT/OCT/OCTs7/OCTs7/Figure_10.png,/home/taehwan/OCT/OCT/labels7/labels7/Figure_10.png
377,/home/taehwan/OCT/OCT/OCTs7/OCTs7/Figure_54.png,/home/taehwan/OCT/OCT/labels7/labels7/Figure_54.png
378,/home/taehwan/OCT/OCT/OCTs7/OCTs7/Figure_37.png,/home/taehwan/OCT/OCT/labels7/labels7/Figure_37.png
379,/home/taehwan/OCT/OCT/OCTs7/OCTs7/Figure_19.png,/home/taehwan/OCT/OCT/labels7/labels7/Figure_19.png
380,/home/taehwan/OCT/OCT/OCTs7/OCTs7/Figure_24.png,/home/taehwan/OCT/OCT/labels7/labels7/Figure_24.png
381,/home/taehwan/OCT/OCT/OCTs7/OCTs7/Figure_32.png,/home/taehwan/OCT/OCT/labels7/labels7/Figure_32.png
382,/home/taehwan/OCT/OCT/OCTs7/OCTs7/Figure_50.png,/home/taehwan/OCT/OCT/labels7/labels7/Figure_50.png
383,/home/taehwan/OCT/OCT/OCTs7/OCTs7/Figure_56.png,/home/taehwan/OCT/OCT/labels7/labels7/Figure_56.png
384,/home/taehwan/OCT/OCT/OCTs7/OCTs7/Figure_8.png,/home/taehwan/OCT/OCT/labels7/labels7/Figure_8.png
385,/home/taehwan/OCT/OCT/OCTs7/OCTs7/Figure_34.png,/home/taehwan/OCT/OCT/labels7/labels7/Figure_34.png
386,/home/taehwan/OCT/OCT/OCTs7/OCTs7/Figure_42.png,/home/taehwan/OCT/OCT/labels7/labels7/Figure_42.png
387,/home/taehwan/OCT/OCT/OCTs7/OCTs7/Figure_21.png,/home/taehwan/OCT/OCT/labels7/labels7/Figure_21.png
388,/home/taehwan/OCT/OCT/OCTs7/OCTs7/Figure_49.png,/home/taehwan/OCT/OCT/labels7/labels7/Figure_49.png
389,/home/taehwan/OCT/OCT/OCTs7/OCTs7/Figure_46.png,/home/taehwan/OCT/OCT/labels7/labels7/Figure_46.png
390,/home/taehwan/OCT/OCT/OCTs7/OCTs7/Figure_52.png,/home/taehwan/OCT/OCT/labels7/labels7/Figure_52.png
391,/home/taehwan/OCT/OCT/OCTs7/OCTs7/Figure_43.png,/home/taehwan/OCT/OCT/labels7/labels7/Figure_43.png
392,/home/taehwan/OCT/OCT/OCTs7/OCTs7/Figure_38.png,/home/taehwan/OCT/OCT/labels7/labels7/Figure_38.png
393,/home/taehwan/OCT/OCT/OCTs7/OCTs7/Figure_23.png,/home/taehwan/OCT/OCT/labels7/labels7/Figure_23.png
394,/home/taehwan/OCT/OCT/OCTs7/OCTs7/Figure_11.png,/home/taehwan/OCT/OCT/labels7/labels7/Figure_11.png
395,/home/taehwan/OCT/OCT/OCTs7/OCTs7/Figure_30.png,/home/taehwan/OCT/OCT/labels7/labels7/Figure_30.png
396,/home/taehwan/OCT/OCT/OCTs7/OCTs7/Figure_48.png,/home/taehwan/OCT/OCT/labels7/labels7/Figure_48.png
397,/home/taehwan/OCT/OCT/OCTs7/OCTs7/Figure_36.png,/home/taehwan/OCT/OCT/labels7/labels7/Figure_36.png
398,/home/taehwan/OCT/OCT/OCTs7/OCTs7/Figure_1.png,/home/taehwan/OCT/OCT/labels7/labels7/Figure_1.png
399,/home/taehwan/OCT/OCT/OCTs7/OCTs7/Figure_47.png,/home/taehwan/OCT/OCT/labels7/labels7/Figure_47.png
400,/home/taehwan/OCT/OCT/OCTs7/OCTs7/Figure_25.png,/home/taehwan/OCT/OCT/labels7/labels7/Figure_25.png
401,/home/taehwan/OCT/OCT/OCTs7/OCTs7/Figure_12.png,/home/taehwan/OCT/OCT/labels7/labels7/Figure_12.png
402,/home/taehwan/OCT/OCT/OCTs7/OCTs7/Figure_40.png,/home/taehwan/OCT/OCT/labels7/labels7/Figure_40.png
403,/home/taehwan/OCT/OCT/OCTs7/OCTs7/Figure_31.png,/home/taehwan/OCT/OCT/labels7/labels7/Figure_31.png
404,/home/taehwan/OCT/OCT/OCTs7/OCTs7/Figure_26.png,/home/taehwan/OCT/OCT/labels7/labels7/Figure_26.png
405,/home/taehwan/OCT/OCT/OCTs7/OCTs7/Figure_6.png,/home/taehwan/OCT/OCT/labels7/labels7/Figure_6.png
406,/home/taehwan/OCT/OCT/OCTs7/OCTs7/Figure_9.png,/home/taehwan/OCT/OCT/labels7/labels7/Figure_9.png
407,/home/taehwan/OCT/OCT/OCTs7/OCTs7/Figure_61.png,/home/taehwan/OCT/OCT/labels7/labels7/Figure_61.png
408,/home/taehwan/OCT/OCT/OCTs7/OCTs7/Figure_20.png,/home/taehwan/OCT/OCT/labels7/labels7/Figure_20.png
409,/home/taehwan/OCT/OCT/OCTs7/OCTs7/Figure_16.png,/home/taehwan/OCT/OCT/labels7/labels7/Figure_16.png
410,/home/taehwan/OCT/OCT/OCTs7/OCTs7/Figure_57.png,/home/taehwan/OCT/OCT/labels7/labels7/Figure_57.png
411,/home/taehwan/OCT/OCT/OCTs7/OCTs7/Figure_58.png,/home/taehwan/OCT/OCT/labels7/labels7/Figure_58.png
412,/home/taehwan/OCT/OCT/OCTs7/OCTs7/Figure_4.png,/home/taehwan/OCT/OCT/labels7/labels7/Figure_4.png
413,/home/taehwan/OCT/OCT/OCTs7/OCTs7/Figure_29.png,/home/taehwan/OCT/OCT/labels7/labels7/Figure_29.png
414,/home/taehwan/OCT/OCT/OCTs7/OCTs7/Figure_53.png,/home/taehwan/OCT/OCT/labels7/labels7/Figure_53.png
415,/home/taehwan/OCT/OCT/OCTs7/OCTs7/Figure_44.png,/home/taehwan/OCT/OCT/labels7/labels7/Figure_44.png
416,/home/taehwan/OCT/OCT/OCTs7/OCTs7/Figure_35.png,/home/taehwan/OCT/OCT/labels7/labels7/Figure_35.png
417,/home/taehwan/OCT/OCT/OCTs7/OCTs7/Figure_51.png,/home/taehwan/OCT/OCT/labels7/labels7/Figure_51.png
418,/home/taehwan/OCT/OCT/OCTs7/OCTs7/Figure_27.png,/home/taehwan/OCT/OCT/labels7/labels7/Figure_27.png
419,/home/taehwan/OCT/OCT/OCTs7/OCTs7/Figure_45.png,/home/taehwan/OCT/OCT/labels7/labels7/Figure_45.png
420,/home/taehwan/OCT/OCT/OCTs7/OCTs7/Figure_28.png,/home/taehwan/OCT/OCT/labels7/labels7/Figure_28.png
421,/home/taehwan/OCT/OCT/OCTs7/OCTs7/Figure_41.png,/home/taehwan/OCT/OCT/labels7/labels7/Figure_41.png
422,/home/taehwan/OCT/OCT/OCTs7/OCTs7/Figure_14.png,/home/taehwan/OCT/OCT/labels7/labels7/Figure_14.png
423,/home/taehwan/OCT/OCT/OCTs7/OCTs7/Figure_7.png,/home/taehwan/OCT/OCT/labels7/labels7/Figure_7.png
424,/home/taehwan/OCT/OCT/OCTs7/OCTs7/Figure_13.png,/home/taehwan/OCT/OCT/labels7/labels7/Figure_13.png
425,/home/taehwan/OCT/OCT/OCTs7/OCTs7/Figure_17.png,/home/taehwan/OCT/OCT/labels7/labels7/Figure_17.png
426,/home/taehwan/OCT/OCT/OCTs7/OCTs7/Figure_18.png,/home/taehwan/OCT/OCT/labels7/labels7/Figure_18.png
427,/home/taehwan/OCT/OCT/OCTs8/OCTs8/Figure_5.png,/home/taehwan/OCT/OCT/labels8/labels8/Figure_5.png
428,/home/taehwan/OCT/OCT/OCTs8/OCTs8/Figure_15.png,/home/taehwan/OCT/OCT/labels8/labels8/Figure_15.png
429,/home/taehwan/OCT/OCT/OCTs8/OCTs8/Figure_2.png,/home/taehwan/OCT/OCT/labels8/labels8/Figure_2.png
430,/home/taehwan/OCT/OCT/OCTs8/OCTs8/Figure_59.png,/home/taehwan/OCT/OCT/labels8/labels8/Figure_59.png
431,/home/taehwan/OCT/OCT/OCTs8/OCTs8/Figure_55.png,/home/taehwan/OCT/OCT/labels8/labels8/Figure_55.png
432,/home/taehwan/OCT/OCT/OCTs8/OCTs8/Figure_3.png,/home/taehwan/OCT/OCT/labels8/labels8/Figure_3.png
433,/home/taehwan/OCT/OCT/OCTs8/OCTs8/Figure_33.png,/home/taehwan/OCT/OCT/labels8/labels8/Figure_33.png
434,/home/taehwan/OCT/OCT/OCTs8/OCTs8/Figure_22.png,/home/taehwan/OCT/OCT/labels8/labels8/Figure_22.png
435,/home/taehwan/OCT/OCT/OCTs8/OCTs8/Figure_39.png,/home/taehwan/OCT/OCT/labels8/labels8/Figure_39.png
436,/home/taehwan/OCT/OCT/OCTs8/OCTs8/Figure_60.png,/home/taehwan/OCT/OCT/labels8/labels8/Figure_60.png
437,/home/taehwan/OCT/OCT/OCTs8/OCTs8/Figure_10.png,/home/taehwan/OCT/OCT/labels8/labels8/Figure_10.png
438,/home/taehwan/OCT/OCT/OCTs8/OCTs8/Figure_54.png,/home/taehwan/OCT/OCT/labels8/labels8/Figure_54.png
439,/home/taehwan/OCT/OCT/OCTs8/OCTs8/Figure_37.png,/home/taehwan/OCT/OCT/labels8/labels8/Figure_37.png
440,/home/taehwan/OCT/OCT/OCTs8/OCTs8/Figure_19.png,/home/taehwan/OCT/OCT/labels8/labels8/Figure_19.png
441,/home/taehwan/OCT/OCT/OCTs8/OCTs8/Figure_24.png,/home/taehwan/OCT/OCT/labels8/labels8/Figure_24.png
442,/home/taehwan/OCT/OCT/OCTs8/OCTs8/Figure_32.png,/home/taehwan/OCT/OCT/labels8/labels8/Figure_32.png
443,/home/taehwan/OCT/OCT/OCTs8/OCTs8/Figure_50.png,/home/taehwan/OCT/OCT/labels8/labels8/Figure_50.png
444,/home/taehwan/OCT/OCT/OCTs8/OCTs8/Figure_56.png,/home/taehwan/OCT/OCT/labels8/labels8/Figure_56.png
445,/home/taehwan/OCT/OCT/OCTs8/OCTs8/Figure_8.png,/home/taehwan/OCT/OCT/labels8/labels8/Figure_8.png
446,/home/taehwan/OCT/OCT/OCTs8/OCTs8/Figure_34.png,/home/taehwan/OCT/OCT/labels8/labels8/Figure_34.png
447,/home/taehwan/OCT/OCT/OCTs8/OCTs8/Figure_42.png,/home/taehwan/OCT/OCT/labels8/labels8/Figure_42.png
448,/home/taehwan/OCT/OCT/OCTs8/OCTs8/Figure_21.png,/home/taehwan/OCT/OCT/labels8/labels8/Figure_21.png
449,/home/taehwan/OCT/OCT/OCTs8/OCTs8/Figure_49.png,/home/taehwan/OCT/OCT/labels8/labels8/Figure_49.png
450,/home/taehwan/OCT/OCT/OCTs8/OCTs8/Figure_46.png,/home/taehwan/OCT/OCT/labels8/labels8/Figure_46.png
451,/home/taehwan/OCT/OCT/OCTs8/OCTs8/Figure_52.png,/home/taehwan/OCT/OCT/labels8/labels8/Figure_52.png
452,/home/taehwan/OCT/OCT/OCTs8/OCTs8/Figure_43.png,/home/taehwan/OCT/OCT/labels8/labels8/Figure_43.png
453,/home/taehwan/OCT/OCT/OCTs8/OCTs8/Figure_38.png,/home/taehwan/OCT/OCT/labels8/labels8/Figure_38.png
454,/home/taehwan/OCT/OCT/OCTs8/OCTs8/Figure_23.png,/home/taehwan/OCT/OCT/labels8/labels8/Figure_23.png
455,/home/taehwan/OCT/OCT/OCTs8/OCTs8/Figure_11.png,/home/taehwan/OCT/OCT/labels8/labels8/Figure_11.png
456,/home/taehwan/OCT/OCT/OCTs8/OCTs8/Figure_30.png,/home/taehwan/OCT/OCT/labels8/labels8/Figure_30.png
457,/home/taehwan/OCT/OCT/OCTs8/OCTs8/Figure_48.png,/home/taehwan/OCT/OCT/labels8/labels8/Figure_48.png
458,/home/taehwan/OCT/OCT/OCTs8/OCTs8/Figure_36.png,/home/taehwan/OCT/OCT/labels8/labels8/Figure_36.png
459,/home/taehwan/OCT/OCT/OCTs8/OCTs8/Figure_1.png,/home/taehwan/OCT/OCT/labels8/labels8/Figure_1.png
460,/home/taehwan/OCT/OCT/OCTs8/OCTs8/Figure_47.png,/home/taehwan/OCT/OCT/labels8/labels8/Figure_47.png
461,/home/taehwan/OCT/OCT/OCTs8/OCTs8/Figure_25.png,/home/taehwan/OCT/OCT/labels8/labels8/Figure_25.png
462,/home/taehwan/OCT/OCT/OCTs8/OCTs8/Figure_12.png,/home/taehwan/OCT/OCT/labels8/labels8/Figure_12.png
463,/home/taehwan/OCT/OCT/OCTs8/OCTs8/Figure_40.png,/home/taehwan/OCT/OCT/labels8/labels8/Figure_40.png
464,/home/taehwan/OCT/OCT/OCTs8/OCTs8/Figure_31.png,/home/taehwan/OCT/OCT/labels8/labels8/Figure_31.png
465,/home/taehwan/OCT/OCT/OCTs8/OCTs8/Figure_26.png,/home/taehwan/OCT/OCT/labels8/labels8/Figure_26.png
466,/home/taehwan/OCT/OCT/OCTs8/OCTs8/Figure_6.png,/home/taehwan/OCT/OCT/labels8/labels8/Figure_6.png
467,/home/taehwan/OCT/OCT/OCTs8/OCTs8/Figure_9.png,/home/taehwan/OCT/OCT/labels8/labels8/Figure_9.png
468,/home/taehwan/OCT/OCT/OCTs8/OCTs8/Figure_61.png,/home/taehwan/OCT/OCT/labels8/labels8/Figure_61.png
469,/home/taehwan/OCT/OCT/OCTs8/OCTs8/Figure_20.png,/home/taehwan/OCT/OCT/labels8/labels8/Figure_20.png
470,/home/taehwan/OCT/OCT/OCTs8/OCTs8/Figure_16.png,/home/taehwan/OCT/OCT/labels8/labels8/Figure_16.png
471,/home/taehwan/OCT/OCT/OCTs8/OCTs8/Figure_57.png,/home/taehwan/OCT/OCT/labels8/labels8/Figure_57.png
472,/home/taehwan/OCT/OCT/OCTs8/OCTs8/Figure_58.png,/home/taehwan/OCT/OCT/labels8/labels8/Figure_58.png
473,/home/taehwan/OCT/OCT/OCTs8/OCTs8/Figure_4.png,/home/taehwan/OCT/OCT/labels8/labels8/Figure_4.png
474,/home/taehwan/OCT/OCT/OCTs8/OCTs8/Figure_29.png,/home/taehwan/OCT/OCT/labels8/labels8/Figure_29.png
475,/home/taehwan/OCT/OCT/OCTs8/OCTs8/Figure_53.png,/home/taehwan/OCT/OCT/labels8/labels8/Figure_53.png
476,/home/taehwan/OCT/OCT/OCTs8/OCTs8/Figure_44.png,/home/taehwan/OCT/OCT/labels8/labels8/Figure_44.png
477,/home/taehwan/OCT/OCT/OCTs8/OCTs8/Figure_35.png,/home/taehwan/OCT/OCT/labels8/labels8/Figure_35.png
478,/home/taehwan/OCT/OCT/OCTs8/OCTs8/Figure_51.png,/home/taehwan/OCT/OCT/labels8/labels8/Figure_51.png
479,/home/taehwan/OCT/OCT/OCTs8/OCTs8/Figure_27.png,/home/taehwan/OCT/OCT/labels8/labels8/Figure_27.png
480,/home/taehwan/OCT/OCT/OCTs8/OCTs8/Figure_45.png,/home/taehwan/OCT/OCT/labels8/labels8/Figure_45.png
481,/home/taehwan/OCT/OCT/OCTs8/OCTs8/Figure_28.png,/home/taehwan/OCT/OCT/labels8/labels8/Figure_28.png
482,/home/taehwan/OCT/OCT/OCTs8/OCTs8/Figure_41.png,/home/taehwan/OCT/OCT/labels8/labels8/Figure_41.png
483,/home/taehwan/OCT/OCT/OCTs8/OCTs8/Figure_14.png,/home/taehwan/OCT/OCT/labels8/labels8/Figure_14.png
484,/home/taehwan/OCT/OCT/OCTs8/OCTs8/Figure_7.png,/home/taehwan/OCT/OCT/labels8/labels8/Figure_7.png
485,/home/taehwan/OCT/OCT/OCTs8/OCTs8/Figure_13.png,/home/taehwan/OCT/OCT/labels8/labels8/Figure_13.png
486,/home/taehwan/OCT/OCT/OCTs8/OCTs8/Figure_17.png,/home/taehwan/OCT/OCT/labels8/labels8/Figure_17.png
487,/home/taehwan/OCT/OCT/OCTs8/OCTs8/Figure_18.png,/home/taehwan/OCT/OCT/labels8/labels8/Figure_18.png
488,/home/taehwan/OCT/OCT/OCTs9/OCTs9/Figure_5.png,/home/taehwan/OCT/OCT/labels9/labels9/Figure_5.png
489,/home/taehwan/OCT/OCT/OCTs9/OCTs9/Figure_15.png,/home/taehwan/OCT/OCT/labels9/labels9/Figure_15.png
490,/home/taehwan/OCT/OCT/OCTs9/OCTs9/Figure_2.png,/home/taehwan/OCT/OCT/labels9/labels9/Figure_2.png
491,/home/taehwan/OCT/OCT/OCTs9/OCTs9/Figure_59.png,/home/taehwan/OCT/OCT/labels9/labels9/Figure_59.png
492,/home/taehwan/OCT/OCT/OCTs9/OCTs9/Figure_55.png,/home/taehwan/OCT/OCT/labels9/labels9/Figure_55.png
493,/home/taehwan/OCT/OCT/OCTs9/OCTs9/Figure_3.png,/home/taehwan/OCT/OCT/labels9/labels9/Figure_3.png
494,/home/taehwan/OCT/OCT/OCTs9/OCTs9/Figure_33.png,/home/taehwan/OCT/OCT/labels9/labels9/Figure_33.png
495,/home/taehwan/OCT/OCT/OCTs9/OCTs9/Figure_22.png,/home/taehwan/OCT/OCT/labels9/labels9/Figure_22.png
496,/home/taehwan/OCT/OCT/OCTs9/OCTs9/Figure_39.png,/home/taehwan/OCT/OCT/labels9/labels9/Figure_39.png
497,/home/taehwan/OCT/OCT/OCTs9/OCTs9/Figure_60.png,/home/taehwan/OCT/OCT/labels9/labels9/Figure_60.png
498,/home/taehwan/OCT/OCT/OCTs9/OCTs9/Figure_10.png,/home/taehwan/OCT/OCT/labels9/labels9/Figure_10.png
499,/home/taehwan/OCT/OCT/OCTs9/OCTs9/Figure_54.png,/home/taehwan/OCT/OCT/labels9/labels9/Figure_54.png
500,/home/taehwan/OCT/OCT/OCTs9/OCTs9/Figure_37.png,/home/taehwan/OCT/OCT/labels9/labels9/Figure_37.png
501,/home/taehwan/OCT/OCT/OCTs9/OCTs9/Figure_19.png,/home/taehwan/OCT/OCT/labels9/labels9/Figure_19.png
502,/home/taehwan/OCT/OCT/OCTs9/OCTs9/Figure_24.png,/home/taehwan/OCT/OCT/labels9/labels9/Figure_24.png
503,/home/taehwan/OCT/OCT/OCTs9/OCTs9/Figure_32.png,/home/taehwan/OCT/OCT/labels9/labels9/Figure_32.png
504,/home/taehwan/OCT/OCT/OCTs9/OCTs9/Figure_50.png,/home/taehwan/OCT/OCT/labels9/labels9/Figure_50.png
505,/home/taehwan/OCT/OCT/OCTs9/OCTs9/Figure_56.png,/home/taehwan/OCT/OCT/labels9/labels9/Figure_56.png
506,/home/taehwan/OCT/OCT/OCTs9/OCTs9/Figure_8.png,/home/taehwan/OCT/OCT/labels9/labels9/Figure_8.png
507,/home/taehwan/OCT/OCT/OCTs9/OCTs9/Figure_34.png,/home/taehwan/OCT/OCT/labels9/labels9/Figure_34.png
508,/home/taehwan/OCT/OCT/OCTs9/OCTs9/Figure_42.png,/home/taehwan/OCT/OCT/labels9/labels9/Figure_42.png
509,/home/taehwan/OCT/OCT/OCTs9/OCTs9/Figure_21.png,/home/taehwan/OCT/OCT/labels9/labels9/Figure_21.png
510,/home/taehwan/OCT/OCT/OCTs9/OCTs9/Figure_49.png,/home/taehwan/OCT/OCT/labels9/labels9/Figure_49.png
511,/home/taehwan/OCT/OCT/OCTs9/OCTs9/Figure_46.png,/home/taehwan/OCT/OCT/labels9/labels9/Figure_46.png
512,/home/taehwan/OCT/OCT/OCTs9/OCTs9/Figure_52.png,/home/taehwan/OCT/OCT/labels9/labels9/Figure_52.png
513,/home/taehwan/OCT/OCT/OCTs9/OCTs9/Figure_43.png,/home/taehwan/OCT/OCT/labels9/labels9/Figure_43.png
514,/home/taehwan/OCT/OCT/OCTs9/OCTs9/Figure_38.png,/home/taehwan/OCT/OCT/labels9/labels9/Figure_38.png
515,/home/taehwan/OCT/OCT/OCTs9/OCTs9/Figure_23.png,/home/taehwan/OCT/OCT/labels9/labels9/Figure_23.png
516,/home/taehwan/OCT/OCT/OCTs9/OCTs9/Figure_11.png,/home/taehwan/OCT/OCT/labels9/labels9/Figure_11.png
517,/home/taehwan/OCT/OCT/OCTs9/OCTs9/Figure_30.png,/home/taehwan/OCT/OCT/labels9/labels9/Figure_30.png
518,/home/taehwan/OCT/OCT/OCTs9/OCTs9/Figure_48.png,/home/taehwan/OCT/OCT/labels9/labels9/Figure_48.png
519,/home/taehwan/OCT/OCT/OCTs9/OCTs9/Figure_36.png,/home/taehwan/OCT/OCT/labels9/labels9/Figure_36.png
520,/home/taehwan/OCT/OCT/OCTs9/OCTs9/Figure_1.png,/home/taehwan/OCT/OCT/labels9/labels9/Figure_1.png
521,/home/taehwan/OCT/OCT/OCTs9/OCTs9/Figure_47.png,/home/taehwan/OCT/OCT/labels9/labels9/Figure_47.png
522,/home/taehwan/OCT/OCT/OCTs9/OCTs9/Figure_25.png,/home/taehwan/OCT/OCT/labels9/labels9/Figure_25.png
523,/home/taehwan/OCT/OCT/OCTs9/OCTs9/Figure_12.png,/home/taehwan/OCT/OCT/labels9/labels9/Figure_12.png
524,/home/taehwan/OCT/OCT/OCTs9/OCTs9/Figure_40.png,/home/taehwan/OCT/OCT/labels9/labels9/Figure_40.png
525,/home/taehwan/OCT/OCT/OCTs9/OCTs9/Figure_31.png,/home/taehwan/OCT/OCT/labels9/labels9/Figure_31.png
526,/home/taehwan/OCT/OCT/OCTs9/OCTs9/Figure_26.png,/home/taehwan/OCT/OCT/labels9/labels9/Figure_26.png
527,/home/taehwan/OCT/OCT/OCTs9/OCTs9/Figure_6.png,/home/taehwan/OCT/OCT/labels9/labels9/Figure_6.png
528,/home/taehwan/OCT/OCT/OCTs9/OCTs9/Figure_9.png,/home/taehwan/OCT/OCT/labels9/labels9/Figure_9.png
529,/home/taehwan/OCT/OCT/OCTs9/OCTs9/Figure_61.png,/home/taehwan/OCT/OCT/labels9/labels9/Figure_61.png
530,/home/taehwan/OCT/OCT/OCTs9/OCTs9/Figure_20.png,/home/taehwan/OCT/OCT/labels9/labels9/Figure_20.png
531,/home/taehwan/OCT/OCT/OCTs9/OCTs9/Figure_16.png,/home/taehwan/OCT/OCT/labels9/labels9/Figure_16.png
532,/home/taehwan/OCT/OCT/OCTs9/OCTs9/Figure_57.png,/home/taehwan/OCT/OCT/labels9/labels9/Figure_57.png
533,/home/taehwan/OCT/OCT/OCTs9/OCTs9/Figure_58.png,/home/taehwan/OCT/OCT/labels9/labels9/Figure_58.png
534,/home/taehwan/OCT/OCT/OCTs9/OCTs9/Figure_4.png,/home/taehwan/OCT/OCT/labels9/labels9/Figure_4.png
535,/home/taehwan/OCT/OCT/OCTs9/OCTs9/Figure_29.png,/home/taehwan/OCT/OCT/labels9/labels9/Figure_29.png
536,/home/taehwan/OCT/OCT/OCTs9/OCTs9/Figure_53.png,/home/taehwan/OCT/OCT/labels9/labels9/Figure_53.png
537,/home/taehwan/OCT/OCT/OCTs9/OCTs9/Figure_44.png,/home/taehwan/OCT/OCT/labels9/labels9/Figure_44.png
538,/home/taehwan/OCT/OCT/OCTs9/OCTs9/Figure_35.png,/home/taehwan/OCT/OCT/labels9/labels9/Figure_35.png
539,/home/taehwan/OCT/OCT/OCTs9/OCTs9/Figure_51.png,/home/taehwan/OCT/OCT/labels9/labels9/Figure_51.png
540,/home/taehwan/OCT/OCT/OCTs9/OCTs9/Figure_27.png,/home/taehwan/OCT/OCT/labels9/labels9/Figure_27.png
541,/home/taehwan/OCT/OCT/OCTs9/OCTs9/Figure_45.png,/home/taehwan/OCT/OCT/labels9/labels9/Figure_45.png
542,/home/taehwan/OCT/OCT/OCTs9/OCTs9/Figure_28.png,/home/taehwan/OCT/OCT/labels9/labels9/Figure_28.png
543,/home/taehwan/OCT/OCT/OCTs9/OCTs9/Figure_41.png,/home/taehwan/OCT/OCT/labels9/labels9/Figure_41.png
544,/home/taehwan/OCT/OCT/OCTs9/OCTs9/Figure_14.png,/home/taehwan/OCT/OCT/labels9/labels9/Figure_14.png
545,/home/taehwan/OCT/OCT/OCTs9/OCTs9/Figure_7.png,/home/taehwan/OCT/OCT/labels9/labels9/Figure_7.png
546,/home/taehwan/OCT/OCT/OCTs9/OCTs9/Figure_13.png,/home/taehwan/OCT/OCT/labels9/labels9/Figure_13.png
547,/home/taehwan/OCT/OCT/OCTs9/OCTs9/Figure_17.png,/home/taehwan/OCT/OCT/labels9/labels9/Figure_17.png
548,/home/taehwan/OCT/OCT/OCTs9/OCTs9/Figure_18.png,/home/taehwan/OCT/OCT/labels9/labels9/Figure_18.png
